data,citta,temperatura_max,temperatura_min,pioggia_mm,umidita_pct
2024-01-01,Roma,12.5,4.2,0.0,65
2024-01-01,Milano,5.8,-1.3,2.4,78
2024-01-01,Napoli,14.1,6.8,0.0,60
2024-01-02,Roma,11.8,3.5,5.2,72
2024-01-02,Milano,4.2,-2.1,0.0,70
2024-01-02,Napoli,13.5,7.1,0.0,58
2024-01-03,Roma,10.2,2.8,12.6,85
2024-01-03,Milano,3.1,-3.5,8.1,88
2024-01-03,Napoli,12.8,5.9,3.4,75
2024-01-04,Roma,9.5,1.4,8.3,82
2024-01-04,Milano,2.5,-4.2,,90
2024-01-04,Napoli,11.9,5.2,0.0,68
2024-01-05,Roma,13.1,5.0,0.0,60
2024-01-05,Milano,6.2,0.5,0.0,65
2024-01-05,Napoli,15.3,8.4,0.0,55
2024-01-06,Roma,14.8,6.1,0.0,58
2024-01-06,Milano,7.5,1.2,0.0,62
2024-01-06,Napoli,,9.1,0.0,52
2024-01-07,Roma,13.2,4.8,0.0,63
2024-01-07,Milano,5.1,-0.8,0.5,74
2024-01-07,Napoli,14.6,7.3,0.0,59
2024-01-08,Roma,10.8,3.1,7.8,80
2024-01-08,Milano,3.8,-2.5,15.2,92
2024-01-08,Napoli,12.1,5.5,10.3,83
2024-01-09,Roma,8.5,1.2,18.4,90
2024-01-09,Milano,1.8,-5.1,6.3,85
2024-01-09,Napoli,10.5,4.1,14.7,88
2024-01-10,Roma,9.2,2.0,3.1,78
2024-01-10,Milano,2.3,-3.8,,82
2024-01-10,Napoli,11.3,4.8,1.2,72
2024-01-11,Roma,11.5,3.8,0.0,68
2024-01-11,Milano,5.5,-0.2,0.0,66
2024-01-11,Napoli,13.8,6.5,0.0,61
2024-01-12,Roma,12.8,4.5,0.0,62
2024-01-12,Milano,,0.8,0.0,64
2024-01-12,Napoli,14.2,7.0,0.0,57
2024-01-13,Roma,13.5,5.2,0.0,59
2024-01-13,Milano,6.8,1.5,0.0,61
2024-01-13,Napoli,15.0,8.2,0.0,54
2024-01-14,Roma,11.2,3.0,4.5,75
2024-01-14,Milano,4.5,-1.5,3.2,77
2024-01-14,Napoli,13.1,6.0,2.1,70
2024-01-15,Roma,10.0,2.5,9.8,83
2024-01-15,Milano,3.2,-3.0,12.5,89
2024-01-15,Napoli,11.8,5.0,6.7,80
2024-01-16,Roma,8.8,0.8,15.2,88
2024-01-16,Milano,1.5,-5.5,4.8,84
2024-01-16,Napoli,10.2,3.8,11.5,86
2024-01-17,Roma,9.5,1.5,2.3,76
2024-01-17,Milano,2.8,-4.0,0.0,72
2024-01-17,Napoli,11.0,4.5,0.8,71
2024-01-18,Roma,12.0,4.0,0.0,64
2024-01-18,Milano,5.8,0.2,0.0,67
2024-01-18,Napoli,13.5,6.8,0.0,59
2024-01-19,Roma,13.8,5.5,0.0,61
2024-01-19,Milano,7.2,1.8,0.0,63
2024-01-19,Napoli,15.5,8.8,0.0,53
2024-01-20,Roma,14.5,6.0,0.0,58
2024-01-20,Milano,7.8,2.0,0.0,60
2024-01-20,Napoli,16.0,,0.0,51
2024-01-21,Roma,12.2,3.8,2.1,70
2024-01-21,Milano,5.2,-0.5,1.8,73
2024-01-21,Napoli,13.8,7.0,0.0,62
2024-01-22,Roma,10.5,2.2,6.5,79
2024-01-22,Milano,3.5,-2.8,9.4,86
2024-01-22,Napoli,12.0,5.2,4.3,76
2024-01-23,Roma,9.0,1.0,11.2,84
2024-01-23,Milano,2.0,-4.5,7.6,87
2024-01-23,Napoli,10.8,4.0,8.9,82
2024-01-24,Roma,10.8,3.2,0.5,71
2024-01-24,Milano,4.8,-1.0,0.0,69
2024-01-24,Napoli,12.5,5.8,0.0,65
2024-01-25,Roma,12.5,4.8,0.0,65
2024-01-25,Milano,6.0,0.5,0.0,63
2024-01-25,Napoli,14.0,7.5,0.0,58
2024-01-26,Roma,13.0,5.0,0.0,63
2024-01-26,Milano,6.5,1.0,0.0,62
2024-01-26,Napoli,14.5,7.8,0.0,56
2024-01-27,Roma,11.0,3.5,3.8,74
2024-01-27,Milano,4.2,-1.8,5.2,79
2024-01-27,Napoli,12.8,6.0,1.5,69
2024-01-28,Roma,9.8,2.0,7.2,81
2024-01-28,Milano,3.0,-3.2,10.8,88
2024-01-28,Napoli,11.5,4.5,5.8,78
2024-01-29,Roma,10.5,2.8,1.0,73
2024-01-29,Milano,4.5,-1.2,0.0,70
2024-01-29,Napoli,12.2,5.5,0.0,66
2024-01-30,Roma,11.8,4.2,0.0,67
2024-01-30,Milano,5.5,0.0,0.0,68
2024-01-30,Napoli,13.2,6.5,0.0,63
