matricola,nome,cognome,voto_scritto,voto_orale,voto_finale
100001,Marco,Rossi,25,27,26
100002,Giulia,Bianchi,30,28,29
100003,Alessandro,Romano,15,18,assente
100004,Francesca,Colombo,22,24,23
100005,Luca,Ricci,28,30,29
100006,Sara,Marino,14,16,assente
100007,Andrea,Greco,20,22,21
100008,Chiara,Bruno,assente,assente,assente
100009,Davide,Gallo,18,20,19
100010,Elena,Costa,26,25,26
100011,Matteo,Fontana,12,15,assente
100012,Valentina,Conti,24,26,25
100013,Federico,De Luca,19,21,20
100014,Martina,Mancini,30,30,30
100015,Simone,Rizzo,16,14,assente
100016,Anna,Lombardi,23,22,23
100017,Lorenzo,Moretti,27,29,28
100018,Sofia,Barbieri,21,19,20
100019,Gabriele,Ferrari,assente,assente,assente
100020,Elisa,Esposito,29,27,28
